source_id,parallax,parallax_error,pf,pf_error,int_average_g,int_average_g_error
4658039710832195200,0.08622576238752203,0.029818624,2.9115728866339894,9.1524744E-5,15.895083,0.0058985483
4658041707905510912,0.03143926405500474,0.027380656,4.166964178709102,2.0101762E-4,15.619689,0.0058277883
4658042287684443648,0.010301616743525883,0.015194094,10.991700437049598,6.865522E-4,14.110184,0.0014299236
4658044869001119104,0.0030554732337427213,0.013900528,23.059035803644598,0.010551826,13.629902,0.023141868
4658046002872198528,0.007097008569022887,0.02509345,4.684897905487252,1.6742878E-4,15.250639,0.0061479206
4658046621347287424,0.01592468002136869,0.05724769,2.5742358719939955,1.4547435E-4,15.969536,0.017902585
4658053557649384320,0.05540725303758713,0.13549261,1.8411137032810119,6.766984E-5,18.36658,0.009463595
4658054691520447744,0.046287824257978116,0.01782269,11.261832938569095,0.0024869465,14.548381,0.0075087612
4658055309996072960,0.21585962045500368,0.12433719,26.60762051014642,0.031465877,15.938085,0.017457826
4658059300095446784,0.025865071637253136,0.037409388,7.4589629937250495,3.2539127E-4,14.804213,0.0022456257
4658059574973245056,0.33805432573925503,0.07066722,2.7366562036189626,1.6476514E-4,16.089085,0.0069138855
4658060120487294720,0.07716090575763553,0.02467823,4.155619721045659,1.0301244E-4,15.454003,0.007248103
4658061872841838080,0.20116727443552065,0.059285715,1.545924184713926,2.8273751E-5,17.217443,0.009017308
4658067031038849920,0.0068289752213059425,0.022188464,6.696426478792136,4.174903E-4,15.055142,0.0026165622
4658073348979181440,0.005862316091171029,0.04002556,1.8744963200289702,1.5539821E-5,16.606218,0.009845566
4658077094094581504,0.03605175130838534,0.036928017,25.014335341150176,0.011789781,16.426805,0.012822246
4658077407683722880,9.173210384167078E-4,0.016654322,13.123912767502777,6.9185713E-4,14.50587,0.00472355
4658082763450092800,0.10583090770810022,0.032393184,3.3228308132040754,0.0012770974,15.5372715,0.01530137
4658084004755969920,0.02352788179191658,0.022992153,4.619752117757042,7.745394E-5,15.462207,0.002098962
4658086925335139072,0.029363962777083114,0.013096372,19.129262091042175,0.008559378,13.815944,0.009545881
4658088913822022912,0.03547316074816668,0.033975787,3.3209347133110163,6.663358E-5,15.998192,0.0071959454
4658094999876488960,0.015677729735546132,0.026097868,4.281370374907919,1.9808159E-4,15.5991125,0.0016126722
4658108537614585728,0.04249697491203813,0.031218447,3.019216898601962,4.7735346E-5,16.113289,0.0031394789
4658109018650729856,0.007779354695995253,0.02319889,5.832014531253135,1.8880704E-4,15.315579,0.0022673581
4658111801792697088,0.002782906761572523,0.018827857,9.570198466366836,5.489827E-4,14.735725,0.008199029
4658113725937642624,0.012442464656994888,0.030227924,3.7867297868587486,1.4977982E-4,16.089586,0.0033071707
4116810545125634432,0.12949767428223252,0.04496754,3.425382016401032,1.06282314E-4,15.205176,0.0024511518
4116832153018419200,0.0857181587622495,0.02910987,10.138718364884175,0.0033558211,14.923696,0.0016245763
4116883452108512128,0.2319253182779049,0.078479744,2.0027907923842845,1.369278E-4,16.620659,0.011810137
4116885101368691200,0.17271805853640096,0.063287966,3.5585205374168414,1.04044375E-4,15.6926365,0.004786241
5248758861045373952,0.08575863429393303,0.041774783,1.7654400808021866,1.2282372E-4,15.087718,0.01241261
5312989963826740992,0.060993521758874035,0.026005806,2.4711077899285887,2.4061852E-5,15.486514,0.0012078492
5313185367659966720,0.20835102396017305,0.013941397,11.206759803887499,2.4788047E-4,12.317103,9.958235E-4
5313250548085699712,0.19693545909198631,0.016584149,3.3549412495165454,6.425722E-5,12.692544,0.0056117866
5313283533433607936,0.07788582633388452,0.022048645,2.831864539819533,2.5366223E-4,15.154198,0.009626866
4118563540229872512,0.19890245642747958,0.04321041,8.460087251684227,9.4146695E-4,15.737899,0.0052975155
5256178232392037120,0.10598578377810668,0.020859357,2.8447913303536874,6.238306E-5,15.0085945,0.004570667
6734274043115986176,0.08993829978334356,0.01558317,8.592702804366464,0.004154686,13.220453,0.004135162
6734367261085169408,0.13410821642960588,0.018019905,14.073004562936674,6.517388E-4,11.900321,0.009196921
6198435748631448832,0.08147573073808723,0.0310767,1.0770095150318164,1.3553641E-4,14.761057,0.061097756
5846979704372502144,0.17835304860583556,0.015624173,23.142100275529263,0.02721136,11.732729,0.04722238
2161786374436607616,0.7954258009301457,0.018620951,14.712201123607702,0.0022460627,8.415941,0.019588295
2162268853891035648,0.07786105214518899,0.018507307,2.758983037428543,5.2094772E-5,14.909709,0.0023750344
2162275240493961984,0.11445771926701002,0.013201184,3.950541306447907,1.2579592E-5,13.769929,9.995604E-5
4658877302341261056,0.06223954027053195,0.056583818,6.258330987693799,5.549811E-4,17.308493,0.0013347494
4658904137298516096,0.07718519365911983,0.068702765,9.449050163562976,0.0014184056,17.115416,0.004799151
4658915579091883008,0.011610449604839118,0.012883483,27.88926212625934,0.012453012,13.533559,0.0076172533
4658926574208571008,0.06083481490646782,0.04590169,13.083976956802855,0.0029889264,16.863634,0.00538894
4658939218593746816,0.017484121769337287,0.028565796,3.563216167404944,3.4657733E-5,15.7341,6.8487105E-4
4658956123585603072,0.0338917571496574,0.022637926,5.224582141071829,6.5823006E-5,15.102473,0.0023609982
4658964679161013760,0.004961865361266403,0.04230263,15.444574085426504,0.001302079,16.29051,0.0039326265
4658970245439073664,0.02740630737476704,0.04124201,2.907459925905621,2.3494018E-5,16.107214,0.0015852335
4658984229824339072,0.030160680363858758,0.021943577,5.042959355937852,1.4496571E-4,15.1125965,0.012013345
4659124623720077952,0.005998699561865686,0.062885895,1.0482066429526489,1.5021207E-5,17.453608,0.020707438
4659138230176090880,0.003841079285549957,0.017968249,8.279578669913738,2.61279E-4,14.67083,0.0018297734
4659145304002006144,0.01363069547421987,0.024705056,4.4392792693616006,1.7875111E-4,15.35188,0.0028022
4659172967872776704,0.022801835727219902,0.029609181,3.0082261401506276,3.0938005E-5,15.724736,0.0054925815
4659178809028714880,2.7751114919571593E-4,0.030950109,2.444181974266456,7.4144555E-5,15.813277,0.02312481
4659189391829422592,0.0011663376923288704,0.026232686,4.173228452384405,2.0485933E-4,15.373253,0.0097167045
4659202311090827008,0.051811637082011,0.029342808,4.1238799217541535,8.149051E-5,15.500183,0.0034821923
4659206773546904576,0.06815288918083998,0.09309087,2.7551231363951767,1.3302804E-4,17.91712,0.005075876
4659218769405948160,0.020300678758660082,0.023275705,4.938458618741543,1.4369153E-4,15.368625,0.0055616647
4659220384315198208,9.415861552829136E-4,0.024181029,2.987980603463216,3.5314943E-4,15.344198,0.0046324013
4659225366477837440,0.011547677244987425,0.030755654,2.9419435816212913,6.3969324E-5,15.881362,0.0069411662
4659234368728481280,0.00962212030700481,0.02000006,5.38004186723189,1.1771281E-4,15.210148,0.0011271572
4659241339466934784,0.11137020176491072,0.03758821,2.655458958909758,5.4237436E-5,15.977626,0.014182727
4659249246494771840,0.05296004148865959,0.024813477,5.506209729116467,0.0011922128,15.086317,0.009859279
4659252373231018752,0.0029797900606619316,0.02569488,3.6477897166551725,2.9462177E-4,15.343842,0.016574526
4249529466887856256,0.09621823808478516,0.031486515,1.3528321428482915,3.0541072E-5,15.391388,0.0049411934
2021445908555851264,0.07913166118489832,0.07709025,2.985945209540304,4.608669E-5,17.376587,0.0012567746
2021462302494358912,0.10831074697436205,0.037909783,4.561375302725151,9.322647E-5,16.18487,0.0014432655
2021476836664511872,0.042515829179838795,0.01692008,7.467118747373534,1.2109004E-4,14.443088,6.091595E-4
5436296928693979392,0.29453645986855004,0.014226128,5.898398692509765,1.3522222E-4,9.124144,0.0016654201
5355883832259604480,0.06334949965677096,0.09963424,5.825610071799319,0.0010797535,18.079817,0.012144544
5865424046292741248,0.24386260246612176,0.15048556,11.580721034108542,0.0027593004,17.894287,0.0077622584
5865522697414194176,0.20174797623053586,0.080131404,12.273161466184506,0.0019947335,16.854132,0.0041768467
5865640276444483584,0.14041919564091054,0.061439894,6.831596759208924,4.064095E-4,16.671625,0.0021036102
4318133323133643264,0.06668141814498507,0.038103066,7.283690894652512,0.0014385264,15.807024,0.0047989697
5880892152015190144,0.14900069066488042,0.04945669,7.363563155045132,0.0019212532,16.096586,0.023062618
6060173364074372352,1.3245186501149808,0.023646228,4.689797153353072,6.3587846E-5,6.3741703,0.002743519
4071671469593235328,0.08911242390744784,0.03318132,2.4120043848273887,7.6571385E-5,15.424793,0.018732911
2177659955093549440,0.08087329304811335,0.018650662,3.2405522248634884,1.3062017E-4,14.702715,0.002818116
2177714415280658944,0.10308958507623804,0.016727012,6.715363827592826,2.2964661E-4,12.838387,0.0011017361
2177814470836630912,0.0975231638587208,0.013932727,13.434232063817808,8.1689755E-4,13.823638,0.0037725836
3351921532976862336,0.24574124905129985,0.019742453,4.978351712149982,7.0791756E-4,11.756107,0.0030051891
246160037616115584,0.004886090089306929,0.25706398,5.249139357385853,0.0022405859,18.467852,0.01917486
246611563239644544,0.28467246871102586,0.015373069,2.9891760055302035,5.9091846E-5,11.687662,6.8402424E-4
5827247392007022208,0.055547062000435285,0.01581555,41.2712343683338,0.03498249,13.192252,0.01755943
4096107909387492992,1.9748058176899155,0.057989188,5.77342723824618,2.645699E-4,5.4693184,0.008048437
4096140001386430080,0.5028555821444272,0.018711733,6.568678185874367,9.2718436E-4,9.769259,0.010705618
614188402162150272,0.10691497920376451,0.06987136,2.064068432946064,1.29476E-4,16.432707,0.0054653133
618248555005833472,0.17308153861643577,0.018909657,1.3212029009952357,3.219808E-5,13.289938,0.007487543
3343252261748847104,0.14583538969641474,0.020040113,3.1499035729303193,1.0791326E-4,12.531949,0.009734886
3344297935963515008,0.18113578158864824,0.022612792,4.909550393565273,5.893595E-4,11.863096,0.008129451
3344381567567275392,0.29034174697865844,0.025602615,3.5632219487315777,2.746963E-4,12.885599,0.009478932
5520277936069189760,0.11156001512002721,0.027406529,2.6520355981472044,4.1666684E-5,15.700887,0.0035320306
5520440663787736192,0.03786837196193929,0.028668921,2.5515876914142357,2.2135722E-4,15.825464,0.009169113
5520505328816739584,0.06430182669559216,0.011185827,3.283530909393743,9.300822E-5,13.438997,0.0028252343
5520506531407532928,0.042144952850407806,0.013623355,2.7730857521566588,3.0212403E-5,14.001732,0.0035451027
5520879231487490176,0.0609104807146565,0.015765652,4.120701758040082,7.650646E-5,13.98224,0.0030971295
5520935444020919296,0.09984887721095181,0.019931374,2.5404743714470377,4.9800412E-5,14.976877,0.0046071885
5520993099661921536,0.08259364271701498,0.022168051,2.8088284360440654,2.3177216E-5,15.295278,0.001030048
6755189954031860864,0.05199908149780735,0.02326607,1.793976818844389,4.0742405E-5,13.852269,0.0071031
5977688031780391680,0.1981431831384709,0.01851718,14.54917250253462,0.0034452518,13.136823,0.0031763492
5238530486651141888,0.09503048039901837,0.014553641,14.141953093578433,0.0063371407,13.770269,0.029364921
5896240917673941376,0.039512798943407146,0.07378812,12.853715222403048,0.0034849304,16.961628,0.0032347697
4161226962213064832,0.021674778218384552,0.34916607,5.402510338162413,0.0022414818,19.249908,0.02193935
5181126079750184704,0.12948011649072635,0.018365312,32.21379992911923,0.06897989,12.840266,0.024511594
5188379665334866176,0.30448090312973586,0.013044464,0.6219627800893595,8.736139E-6,12.951353,0.010776264
4312219187494119680,0.10041124876655724,0.21502276,3.213302646531936,1.9182323E-4,18.52516,0.008816462
4312228980050786048,0.10866446523480451,0.056110602,27.68643110739641,0.042426977,15.910199,0.034239985
6716879292429356928,0.1257878750311699,0.017572133,3.336294049024275,3.6026296E-4,13.609305,0.01751512
3349047375222899456,0.16845060257503275,0.021487264,3.0207573240969308,1.2815803E-4,14.350105,0.0045680627
5836447177657009024,0.013757291662446818,0.032919496,6.987444384269818,7.030476E-4,15.666037,0.0012824645
3349130530085488896,0.1765901142392508,0.01770071,9.146335190896684,0.0039795474,13.435694,0.0057094935
4261836060063642112,0.14298191141731484,0.03203114,14.176751484587847,0.004658555,14.895593,0.007235787
5903821951590649600,0.008124492668775954,0.019832263,7.057618451339362,5.6569255E-4,13.876828,0.0026911967
5903991551246840576,0.0843129711757569,0.048975844,0.8445433206870958,1.93554E-5,16.091888,0.005370018
5836422885318557568,0.030954753082857563,0.04450956,2.8942426224943274,7.101703E-5,16.198652,0.0046992
2073922579215436288,0.02801148965648094,0.015109142,11.927283690549737,6.032758E-4,12.967152,0.015485534
2073935223599391872,0.09558654053604015,0.015593359,3.370813916909155,4.7890484E-5,13.208081,0.0016123685
5893557873128232832,0.07488884651574089,0.036004562,1.8463707739578694,1.0597127E-5,15.827546,9.616024E-4
4105982485837162496,0.13236091933630836,0.051067285,1.3038081764805838,3.7289657E-5,16.180902,0.011356491
6053215207813595392,0.03791987415185741,0.017181313,9.98247603986125,4.0980984E-4,14.3496065,0.0020669429
4042756852119487232,0.10558513218660873,0.024164164,10.580250900954464,0.0024067443,13.920344,0.0082505895
4042776643265546496,0.08947378303863134,0.030283993,14.208732833792327,0.003015009,14.378356,0.0040586386
4042801352297553280,0.07525516933375218,0.021457387,12.118707333771885,0.0064659873,13.615977,0.0070079477
5972868631794514048,0.21888706415647186,0.078043334,15.081175170669267,0.0028532906,14.03595,0.006820287
5973016829661632128,0.29670203650666915,0.019087503,14.567090834695312,0.0014552627,13.957361,0.0048073404
5973058817250905600,0.13275358470480755,0.03743378,5.916908727713415,4.7393757E-4,13.599707,9.763959E-4
4307944836090489600,0.48714088896961594,0.018925868,7.239183949361565,0.0015861401,9.335988,0.008573931
4077463074025127168,0.07464571654561601,0.024533246,9.205273870691007,0.0010904853,13.940505,0.0017843964
4760493479751820416,0.0037710725985775923,0.037015375,15.70802716414428,0.0014920452,16.145214,0.05546864
4766643426242068992,0.24620855978132894,0.010430262,109.36362675060086,0.47465262,9.858156,0.0143250525
5832238384516068224,0.09822620155215421,0.014916811,6.187514620388046,5.2630145E-4,13.848479,8.4391434E-4
1999252442448732288,0.3297081564266386,0.01492538,12.13703117445177,0.0012716478,9.339452,0.009223797
4062903822285623808,0.12275234414836105,0.05266421,1.6844626393398505,4.4537726E-5,16.160696,0.00273596
5882388209429065344,0.21416468028081603,0.030905237,4.863863692808613,2.162639E-4,15.446709,0.0020144398
5882392057720494592,0.10043453863971102,0.09454931,3.700958503531823,2.0232695E-4,17.377823,0.016068084
4156450099578283776,0.518476588932823,0.02034218,10.341812681083045,7.382648E-4,8.86685,0.03415237
4156512776053862784,0.10360823166599356,0.20120569,23.03135375232259,0.012384435,16.762472,0.010070102
4156537721224120832,0.1593779622431025,0.056038946,13.202509178236184,0.0016460691,13.371332,0.021857426
2189424042310226048,0.09798011766060348,0.022571161,10.94412239083476,6.612063E-4,15.333192,0.0015313901
4152072840713183360,0.021940148510157395,0.05298124,2.9368517308186366,2.4268029E-5,16.105793,0.008071396
4152404446547959424,0.07656749744072369,0.1843904,19.751146344175464,0.005615473,18.034481,0.012161243
4368928561286582272,0.060079432472300284,0.020470489,13.594940853856258,0.003131134,14.155839,0.013438769
4368940857773780608,0.08810879492243118,0.024318945,18.758259071181737,0.0053145867,13.639683,0.017768888
4368941549268283392,0.03806506029987525,0.020969644,12.084426775909904,0.0027058471,14.1522455,0.004109185
5901341693879664512,0.1055631966151355,0.01989901,20.460233348768377,0.051200848,13.081,0.02259073
6070481457342308480,0.2333395275846963,0.01736904,1.9500460580502035,1.0710949E-4,12.705277,0.004696102
4578416175261110400,0.16068840807049228,0.009335617,12.563448005829647,0.0033365244,12.259684,0.0034475029
5828480459918679936,1.016179433158956,0.016235545,1.9460509397739736,8.971952E-6,9.631486,9.5734576E-4
4360377693711966592,0.23252313042714334,0.025773646,0.8116816724932249,9.5105844E-7,14.711808,0.0022597837
4119634915613580288,0.05356434918541504,0.04709105,13.937635091618704,0.0033740918,16.175568,0.011310002
5277808374864076672,0.05501980672518804,0.021782905,6.73674693242279,7.2452024E-4,15.122444,0.003139324
5278221481999140096,0.031378823693947094,0.08529034,2.7528591589900415,5.0190407E-5,17.949778,0.012673503
5278302089946913408,0.034399439077094106,0.025681956,4.055659416071328,9.893849E-5,15.624157,0.0046962714
5278352426964444672,0.025698058395126195,0.029827885,3.8182013008181035,4.4114533E-4,15.6475315,0.022235885
5278432004118558976,0.030479827613532275,0.05146224,0.9129846663506238,1.3750382E-6,16.837252,3.2491225E-4
5278547624636470400,0.01323774440107603,0.040636133,14.973586845198746,0.0038173194,16.336817,0.010160914
5278581121081056640,0.014181547390872505,0.06693063,1.5818128433094345,5.4797038E-6,17.52835,0.00439377
5278607582381418368,0.008471123715086029,0.03181398,1.9967224556601642,2.276495E-4,15.780399,0.008178466
5329405672431387648,0.07032059990804246,0.012979595,3.670656547111276,8.134395E-5,13.96108,0.002237008
5329553797268123392,0.03910437454857927,0.0127514135,3.628896293690808,8.966847E-5,13.636401,0.0012906744
5329713123372088320,0.08258637296710346,0.015476245,3.6110357313511865,9.095459E-5,14.130343,0.0057261316
5329838158460391296,0.49018001723790955,0.018705394,9.550744745520666,3.8419297E-4,7.9954643,0.0048771743
5329899043907713408,0.1366508375940476,0.01197373,11.919834937704923,0.0014822794,13.073538,0.0040858616
5329939274854213760,0.1995071708666491,0.015902277,5.875260735585085,1.11727626E-4,12.872327,0.0011854506
5329974119937794048,0.19651729867700787,0.011798347,3.1395841969604574,5.158748E-5,13.457393,0.0015732344
5329979892374931968,0.05139648024360745,0.021727376,10.738453496044169,0.002384933,14.903472,0.00886484
3425576270732293632,0.28421910107169657,0.019894376,2.6347163155921187,1.5049792E-4,11.561804,0.025003472
4064791928366718336,0.09958694848697912,0.0294686,12.779249894778438,0.0017489932,14.039156,0.006664025
4064797219817769600,0.09367959644595848,0.04204173,3.126863983068954,1.6366436E-4,15.434873,0.013405163
4087335043492541696,0.05045935746017175,0.018581768,13.774653372744321,0.0022445803,12.497375,0.007354285
5867251679452872192,0.3152454451409572,0.01887061,4.948229392878148,1.11947076E-4,13.031706,5.621996E-4
4650810494740144384,0.005794646167072792,0.03004027,3.215881318056409,6.031265E-5,16.04619,0.0016411414
4650826983115655168,0.032960030228987774,0.0359444,2.7094194777333542,5.3052438E-5,16.297983,0.0014399454
4650978823122432256,0.009971845604071721,0.028032448,4.727335463496922,9.1153773E-4,15.501436,0.012809758
4650980850346879360,0.046847050953888414,0.023035634,5.4474355849457785,2.0363969E-4,15.180447,0.0066878265
4650985282752749184,0.019837379973231383,0.042685594,2.3872164321855864,2.2797429E-5,16.506863,0.0026738474
4651019569454482688,0.08700739829526348,0.065735124,1.357573618979832,3.1710064E-5,17.53452,0.015530057
4651020222375084928,0.049116067433908416,0.032297753,3.1589457433909827,2.444402E-4,16.123266,0.008194232
4651043488158794752,0.01103523054853034,0.026207142,4.608199188438096,5.2026622E-5,15.476634,0.0020020802
4651052284252618496,0.023701259210514837,0.030056097,3.6866767339313538,6.5375396E-5,15.850838,0.0011011615
4651056682298840704,0.038493045502920945,0.03376691,4.034684800078453,5.566264E-5,16.000084,0.0021009962
4271221697438044416,0.1035500760312009,0.021161772,11.074580286903945,0.0054243556,13.992431,0.020508572
4271257706443978624,0.08268529357472967,0.092083715,1.2996059298764893,9.585768E-6,17.377523,0.002116182
4272044475728306944,0.16369342084749366,0.14003584,1.0146084685565004,1.2430614E-5,18.119137,0.003124606
5862634142964452352,0.013567320799707586,0.03081743,3.3688083318693116,5.796718E-5,15.809883,0.0015059069
5862684853590560128,0.04867492287198268,0.17337954,3.7211133179990563,1.9585116E-4,18.814724,0.0052556684
5862685437706123904,0.02973780864962894,0.09592626,7.648032716630595,4.852143E-4,17.53974,0.0037384664
5862711040048310528,0.30870357234482565,0.019459184,24.062339939791322,0.0017575095,11.200543,0.0034232659
5862720214099407232,0.026204893486169348,0.018591883,29.690599013838796,0.003849905,13.312083,0.00425813
5862736363140653696,0.052725126460968504,0.030932281,6.684261438023426,1.689534E-4,15.273262,0.0028629478
6045677196574103296,0.1924012160620717,0.01704156,12.924674300469484,0.0011532813,12.410734,0.006412442
2038365781911994112,0.21310350798343647,0.0118899895,87.10130531782102,0.25015664,9.791987,0.0130615365
4059339445913628288,0.051343330101815646,0.04844987,7.17015343631433,0.0018757618,15.970112,0.006657765
5937099633141128448,0.2062271353247607,0.019656131,20.82078991102665,0.0054982104,9.599645,0.0076731965
5937186357109151744,0.1490614378016329,0.033016946,3.0949794590851534,3.9213595E-5,14.708124,0.004347542
2045359534871088384,0.1269208893757185,0.011428655,5.571901000797259,2.5388593E-4,10.458867,0.0010043943
4099881605093076224,0.04800191908257652,0.045742188,3.0834237587939186,5.280284E-4,15.6971245,0.018918054
419703349473530240,0.032245100226251086,0.0143653555,15.466555828227442,0.0012184217,13.444163,0.0037212358
6761158378053562240,0.05581157416865192,0.030553518,36.01651327041715,0.07502363,14.452858,0.019295145
5858981084344257280,0.03617141311790345,0.020476285,4.295780469625926,3.725269E-5,14.930604,9.5101347E-4
4064918612818383232,0.1867310472421642,0.11277438,1.8591122315266384,3.2322676E-4,16.599937,0.020369526
5322736687721935616,0.07317206916549301,0.04074722,2.4290737072461974,7.228199E-5,16.330965,0.010443805
5322875157471168768,0.04015810365715568,0.021699568,2.044746924299155,4.4526187E-5,15.126629,0.008126375
5322878146768508800,0.021665179940032097,0.016173955,3.1846513356361497,3.2171418E-5,14.612015,0.001053642
2045846103109302016,0.03138702126503068,0.022604976,2.5097211984151353,2.7314532E-5,15.292442,0.0057783765
4110849096171897344,0.09666478100743545,0.027676925,10.930233841885002,0.0029273047,14.330665,0.0021508029
4663654817788629632,0.01999234735584291,0.030663457,2.9715160085430092,3.0484747E-5,16.0216,6.424082E-4
4663664026198869376,0.006398215034387793,0.03349856,2.6827758590197517,1.143401E-5,16.161898,5.352041E-4
4663665946029028608,0.7252827756370915,0.14492355,3.8228948251218156,2.343459E-4,15.6549835,0.0046655666
4663666736302057472,0.0704611150636156,0.04614336,1.7709666014942258,1.851587E-5,16.475513,0.0024140684
4663760164739511552,0.027438916861768976,0.018535035,8.126539447058388,2.3549721E-4,14.543401,0.0013252791
4663762020165491456,0.027404782679982646,0.031484995,3.139398824712407,1.9857562E-5,15.927668,5.4152834E-4
4664051638395757440,0.01602892442927337,0.029234802,3.69043922222473,5.3718846E-5,15.669137,0.003944923
4664612492399408128,0.023332162103234015,0.013988322,108.65385443619645,0.15863885,12.122311,0.0104924515
4664701999513624704,0.043984092071472115,0.1090654,1.206972078565893,7.793311E-6,18.42347,0.0037585935
4303566305876070912,0.03373958930704113,0.26238668,1.022750447773551,2.662707E-5,19.327318,0.015984938
4303770918113986304,0.21310288109213676,0.014516919,6.178911883435623,1.832952E-4,9.72378,0.0010056101
4113644634448907648,0.1631234655178025,0.02085258,13.460081753671979,0.006794977,11.926753,0.0046015885
5867516833579131136,0.16676066811057555,0.22021607,16.20065360423852,0.009808428,18.76649,0.010891846
4106688097470096896,0.11402074061611667,0.039137177,7.268104038315631,0.0012254925,15.495796,0.0069109364
5265220955291029632,0.01745293913403646,0.06592065,6.218008657751226,7.287094E-4,17.288942,0.0021717625
2932101334643047680,0.16444432799695252,0.015534368,2.5577768400093976,2.5462472E-5,12.625371,0.006722188
2932737092877188352,0.12537763441197358,0.013290113,3.1561815521519203,6.0937917E-5,12.358367,0.007534106
2202086018216877952,0.09312965067819168,0.025963906,2.912720837633718,9.151918E-5,15.282375,0.0047366912
2202500843341252736,0.07701478239201832,0.013070426,3.7593683857947013,7.879893E-5,13.809509,0.0034182917
4260210878780635904,0.24079606740333737,0.03008307,17.14244457957907,9.198623E-4,10.909525,0.0019103566
4514869866387896192,0.6045865453718644,0.020684436,4.842823844141056,4.983922E-4,10.748027,0.0070929984
6011444142566282496,0.20009740772138274,0.015266273,7.598010092954408,0.0014339366,12.722354,0.0012726738
508592954709039488,0.16603545745330328,0.033042233,2.0102362996551,2.1491642E-5,15.887114,0.002852336
508915489570374272,0.30468913992175034,0.018854063,14.788901159045958,0.0013080117,8.795929,0.004487657
2062437424336336256,0.0866774583073848,0.06318085,3.3551944953125306,8.852327E-5,17.303297,0.003937833
5334575782303770624,0.03712873495243088,0.034741722,8.635740336385263,0.0010203422,15.633873,0.001958613
5334598494092788736,0.06540032932224711,0.014922159,11.579708844957871,0.0014843207,13.12737,0.006364879
5334601998787406464,0.02962386722658423,0.083835006,4.502523158480436,3.3547447E-4,17.56136,0.004022304
5334606293754316928,0.004888673923064288,0.0476161,4.9913692741379005,2.853781E-4,16.307312,0.004321537
5334631376367030272,0.11619161417379,0.018323768,6.575160661455796,2.2989091E-4,13.565836,0.0015080445
5334675185024180864,0.16035823572208818,0.018584931,26.457295480651712,0.012966136,11.860283,0.008560723
5951683791503848832,0.18925787239368105,0.02761303,8.031827557311223,0.0016248137,14.895825,0.0021591012
4043559293736448256,0.0943311909313373,0.02936082,10.33695000852285,0.0032425378,14.825911,0.0040881573
4043573278156380800,0.026214108684224285,0.023749748,74.46319998194367,0.06658635,13.451771,0.011590217
4043609695124068224,0.1779802216252554,0.107502714,1.8891887390066813,1.0721948E-4,17.073635,0.011448551
4043612169025742976,0.059467214474379256,0.03543862,9.751990987750366,9.93877E-4,15.2020645,0.009987925
4043630693300928256,0.060195378839628014,0.033287372,11.160580821619204,0.0013241717,14.992265,0.008658047
4043651584030279040,0.1528789073154216,0.027150663,83.69666545640754,0.778058,13.818639,0.015100734
5933359884804777216,0.23722596866404833,0.021284252,15.37806614183132,0.0010429258,12.0923815,0.0021250348
4160953188153642496,0.577174607615066,0.017715707,0.8548649787768746,1.4914231E-5,13.072313,0.0022107451
4077691914275725440,0.030673322036996797,0.036108777,3.535058156669497,4.2974346E-4,15.484918,0.009420258
4077746232628589568,0.12057368011193043,0.018144466,29.611473080516813,0.039496146,12.388952,0.041824486
4396509638666473856,0.06204815317586923,0.03727056,1.1798913204177661,3.3346587E-5,15.160824,0.017360726
5308026081150238976,0.18623565715883,0.023431541,3.435153355861214,7.381764E-5,14.817754,0.0015490429
5308083461913826176,0.10564629559355833,0.020094005,4.204416373468929,2.0980483E-4,14.862651,0.0036562763
5308104146478024960,0.09213207398778431,0.01706941,5.180188760764185,1.3926924E-4,14.417369,0.0030315337
5308137406706275840,0.1554811655705884,0.036985092,8.024223184005024,0.0011189171,13.331445,0.01376769
5308216021795779328,0.1486042229117653,0.012302256,4.610603445261476,7.994716E-5,13.403852,0.0017928609
5308459529249789184,0.12804875235876895,0.030777687,3.871712981851754,1.12114256E-4,15.758247,0.0015590349
5511121271942890496,0.5532087386639697,0.012253535,1.437759944049944,9.321195E-6,11.16972,0.0015715277
5512785726389838592,0.012438055586705493,0.049865678,1.696450971981487,1.943807E-5,16.794558,0.0017758157
4311319782693546624,0.07633183954170636,0.15697332,2.743564496472641,7.400783E-4,18.368784,0.024043338
4661245547336779520,1.3411295809039395E-4,0.016028259,21.12139809552781,0.016511345,13.673576,0.019336918
4661247608921540992,5.6313919357529885E-5,0.05126895,3.027322931987762,1.01751655E-4,16.782478,0.020119026
4661247707641778304,0.011760259632453524,0.021735882,8.361624040420372,4.463664E-4,15.2456,0.0026986855
4661248021238307200,0.010677732487463495,0.017210629,5.777196957471238,2.2952507E-4,14.467775,0.0065651857
4661248811512209408,0.013712942729012412,0.015889503,12.194567217223488,3.387197E-4,14.274212,0.13383545
4661251697730838912,2.9139773250995774E-4,0.034839664,9.39320129521129,0.0030424255,16.334448,0.0046872203
4661255541758561792,0.02628877748900732,0.047051035,7.395362159720153,2.5470104E-4,14.851224,0.0014578716
4661261146662475136,0.008569322932864113,0.017618852,13.882381787946672,0.0034840943,14.115936,0.010435202
4661261485932972160,0.02672531923870131,0.028883385,4.457151570525054,1.215918E-4,15.595188,0.0037932536
4661264990636534016,0.06735840077622939,0.040084317,2.709975892683881,8.957589E-5,16.211973,0.00758061
4661266334984220672,0.07032858513850554,0.030881502,4.204185078781574,6.829475E-5,15.618163,0.011691295
4661268151737912576,0.008121276133139562,0.019206129,30.375591143546675,0.014790604,13.199865,0.008967166
4661269770959659392,0.03244841878115917,0.03802654,2.7737387644048157,4.7717745E-5,16.129023,0.0027423112
4661271076629233920,0.2742057941087672,0.06480949,18.699896928884904,0.016878458,13.819498,0.036199976
4661274886251172096,0.11272138360300155,0.048257064,3.5910756711601124,2.167323E-4,15.837158,0.016147094
4661280761763991680,0.002281407195446058,0.019297719,10.52009043402517,2.7536618E-4,14.532944,0.001850973
4661299560782755968,0.22689839076684098,0.079723336,2.6875226528028744,3.2168705E-4,16.165789,0.010485172
4661303271712457984,0.04566272869968315,0.029603934,3.265281315225199,6.399854E-5,15.877862,0.0053695817
4661303649669510272,0.01520406232296755,0.024597652,4.580272113834869,1.1677106E-4,15.628006,0.0013598687
4661305638240330112,0.02473106609160481,0.014329154,12.658107104506097,0.0074192407,14.23299,0.02544778
4661305986132183296,0.019961146289142292,0.015539238,10.854715763968068,8.0671697E-4,14.402476,0.00778247
4661309662625345920,0.01601262694894304,0.030368604,4.944861724413706,4.17689E-4,15.75636,0.0066657863
4661314335475582976,0.0010297652254665154,0.0339787,3.7193339020135983,3.0375842E-4,15.878121,0.0026139782
4661318317077141632,0.018797338132703907,0.030506214,3.1634589775506936,5.6749235E-5,15.94005,0.0025084943
4661326189635227648,0.01925557538259752,0.012483736,133.87916345100163,0.34187144,11.797473,0.0077839857
4661330518962045824,0.047459072848340556,0.03673585,3.647562211968185,1.06642845E-4,16.13948,0.0019975335
4661331274878423424,0.01152015215400112,0.020970076,7.490931997570127,4.130064E-4,15.088434,5.9849443E-4
4661347698834838656,0.040795905183189096,0.027908295,2.9655919459128848,2.5399867E-4,15.752329,0.028547585
2243309938950947200,0.036711224967299214,0.01563042,13.983200184353779,0.0011616455,14.115128,0.003363691
5932569709575669504,0.4664669468312262,0.025073968,11.288610615285451,3.1778545E-4,7.9931264,6.213226E-4
5932654445047319552,0.06755517176512739,0.076801404,2.4932792535882156,6.241221E-5,17.150362,0.0019600177
174489098011145216,1.0566163862524083,0.028701555,6.463491956463242,1.9756058E-4,7.0569577,0.0038119848
175811260743708672,0.11141440167138295,0.022758543,2.113783399889267,1.0540272E-4,13.584487,0.007964699
4165973244665080448,0.016826931899838322,0.04870336,1.4495827667509493,2.0380083E-5,16.08178,0.009617427
6130597874068100992,0.08727074567561469,0.01623152,11.858333552434152,0.009489787,13.394373,0.010288674
5977738991637643392,0.051469130570382354,0.082784355,10.279495885008096,0.0030138467,17.157555,0.0062415237
4531755199581506432,0.11786997348200753,0.017752497,78.68058499817494,0.29595086,12.030583,0.016652072
4045563527285331584,0.11946439032856694,0.018285777,27.93296364903281,0.006286309,12.193279,0.013199846
4045574453680455808,0.10374604301147938,0.017633773,12.239499025942086,0.005091543,13.150299,0.00887838
6038694026431516032,0.067149574005302,0.031831875,1.4309696982477627,5.4524185E-6,15.131218,0.0018686138
4060452941950259584,0.11899144040942479,0.051827434,15.781123969296255,0.0077629476,16.013733,0.01234541
4060466823286261632,0.0018739385930172103,0.08490859,9.80980324760478,0.0016538164,16.406702,0.011924396
4060489814285658752,0.042553396059676146,0.09393453,23.18160914545022,0.018515818,16.174017,0.016243948
4060551107735665664,0.1090764213534697,0.18840483,10.463422789456011,0.0031331424,17.368284,0.0177643
4173830973235419392,0.1007618571556664,0.22505255,8.812562644170399,9.248212E-4,18.699408,0.0076101334
4175017625462647168,1.3126031176792647,0.03618998,17.117679601051407,0.006056387,5.5369325,0.0029400988
5241157421762533248,0.0686850622295383,0.012028045,5.101854179055898,1.03644066E-4,13.588959,0.003193667
5940805262147383040,0.0802444441053333,0.15877143,13.387713406372754,0.0026528675,16.90056,0.01041636
4654644251272666624,3.5422675454551116E-4,0.016585892,8.37367029006935,2.0825237E-4,14.636808,0.005852024
4654668612330013952,0.020881709241773287,0.028042512,3.0114898907078214,4.3341952E-5,16.035503,8.6430745E-4
4654680019761895168,0.11564856794344816,0.117367625,0.9985081844033851,4.6882127E-5,18.244122,0.02277895
4654690018449058176,0.03533927406025204,0.028739022,3.9275558980473932,1.2751798E-4,15.641979,0.008161406
4654695997043515776,0.07363700715453535,0.01862521,34.48459447350857,0.018609941,12.802726,0.011189752
4654703620590356608,0.021692392728293652,0.021216044,5.758921518252386,9.01624E-5,15.150352,0.0016574281
4654708675786884224,0.015461168204684692,0.029345155,3.34010092233573,1.3862223E-4,15.775488,0.0077395467
4654708950664755584,0.21623556579768144,0.0591851,3.95354560654253,1.3793976E-4,15.757022,0.006064191
4654727711084208384,9.798085329074079E-4,0.031392083,3.122550857174108,8.4972075E-5,16.042393,0.01063635
4654728776236060032,0.11312650322246104,0.05350079,4.170209963397726,1.6194212E-4,15.60537,0.0060325973
4654805432804454400,0.004332830666885258,0.042579696,9.399932072480977,0.0022120355,16.777155,0.011556722
4654861198661984384,0.03703386611136452,0.028001754,3.849255840580321,8.627268E-5,15.984813,8.9634286E-4
4654865046952585600,0.0018796439170301908,0.01717011,11.256340451185883,7.638551E-4,14.456091,0.008449207
4654903289337520384,0.04028396772614169,0.036025207,3.1461284624745955,2.4170753E-4,15.954816,0.01947141
4654903358056969216,0.01573181942419238,0.022218216,5.465079140839456,4.6639505E-4,15.353131,0.008079762
4654962521257266560,0.15134594093371212,0.03929564,33.05782429093413,0.016599903,15.564695,0.02042005
4654965617907431040,0.027442965450549944,0.029157924,3.4854112914121598,7.957819E-5,15.9394045,0.008327487
4654972524214794240,0.0048700530290687665,0.0151943965,28.41441913375966,0.016084993,13.350949,0.009639673
4654983343231845888,0.021649147766958594,0.040893883,2.577303128382637,5.145336E-5,16.232248,0.005326263
4655018085229027328,0.02463638536770271,0.0364658,2.6337050865729013,1.1423433E-4,16.25861,0.005656488
4655035535726226560,0.042963373005524746,0.026415667,4.466851065680053,1.3127438E-4,15.613969,0.0013540122
4516275214060040320,0.12468775117175729,0.02665539,1.434632406341327,8.229866E-6,15.162354,0.0029706736
2034016079579652352,0.028820372383474978,0.023295168,4.619482885269876,1.9767084E-4,15.374374,0.0042237234
2034098439860103808,0.07939216241614686,0.037355576,7.304040891179208,5.730805E-4,15.212908,0.003137706
2034137060207366272,0.20554228205216513,0.013897223,3.8458689188833586,1.15307594E-4,13.219895,0.005067257
2034155854985643520,0.2030118512674883,0.016734734,4.920117994614418,1.6416838E-4,12.648865,0.0019034648
2034159600197463552,0.062162956037211295,0.03633194,3.7371740663998705,7.0762966E-5,16.174297,0.0013673032
2034229590995812352,0.03813378554097213,0.050430674,2.6315969021679435,1.266671E-4,16.200754,0.0038459613
2034288586671365120,0.04166668043745171,0.0350822,2.8169026607887213,2.3854803E-4,16.118334,0.0053233015
5887482762148283008,0.5091717771655467,0.01775859,8.21842560033969,6.1962596E-4,9.02575,0.0047050267
5887671397119565184,0.17416598501056718,0.027150588,16.96256170367136,0.0065533496,14.661272,0.0017168695
5531720828449947136,0.07631556317531407,0.015049935,7.218097644080845,5.9194886E-4,14.322552,0.0021877876
5532102084106450176,0.09880681663717933,0.01812308,1.8675189801449126,9.97347E-5,14.792317,0.013905139
4246647161574593408,0.11304805450311393,0.01536758,7.44476660199812,0.0011812906,13.084974,0.0019155607
5844822466883453056,0.12209153703556615,0.022558805,1.0255971818215905,1.9981306E-5,14.558068,0.015970124
4313043061002380672,0.020638533201939986,0.08023622,4.945440612889506,3.787235E-4,17.026789,0.0065513984
2024962597772784384,0.039721781898362674,0.017437186,53.37458921716345,0.022344345,11.386428,0.0020679662
2211309340220914560,0.11734356609853479,0.015825296,3.157040021953402,3.7394275E-5,14.466473,8.534357E-4
5611465073923671424,0.12997199764988257,0.016910007,11.182278263265031,3.956036E-4,11.248829,7.3307555E-4
5611563995612988928,0.14399045747057188,0.018430015,2.701281413593559,6.712029E-5,12.654787,0.010241869
5611944113094713600,0.13907403380007136,0.010767865,4.711989721226333,1.3943715E-4,12.191918,0.003379058
4312997053315161472,0.15999173831118477,0.035640094,16.464271813603496,0.002024442,14.205539,0.07486833
4313041003732536576,0.08055606635721492,0.037170738,6.531969880762633,1.2489402E-4,14.368567,0.0014291323
4313041038092275712,0.07243036086441122,0.03135691,7.03216269585519,2.7599337E-4,13.971014,0.0014997185
4313067181547804160,0.12470390632475645,0.021850541,20.80524882774886,0.0140660005,12.536616,0.026867911
4313074882477250816,0.008155685476177543,0.10993684,3.0042215168007997,1.3758238E-4,17.818857,0.010646323
4313146586900972544,0.053792493620109065,0.047048427,3.860543211858702,2.9422127E-4,16.307219,0.013043174
4159360270654013184,0.07383908847982257,0.040901165,10.612830026724447,0.0036639199,15.51111,0.0099024065
5967847540145113600,0.08994200680618145,0.03497965,7.899253222152653,0.0042803,12.744052,0.0141854035
444069661013733120,0.28203847986463454,0.01733669,4.3397415797787255,2.3048131E-4,13.404468,0.0030199492
444328664722927872,0.04879860617540422,0.10046838,5.117892839638285,5.163456E-4,16.60296,0.00527881
4039938769393211136,0.12183538421161864,0.018791815,66.3196441484752,0.22588427,12.204296,0.020932002
444443941646255232,0.3376305998718887,0.021244662,8.179564369946606,3.343872E-4,11.134742,0.0019188516
445121820622854656,0.371061904801306,0.017976683,3.569404825261708,5.4460248E-5,12.704412,0.0030875262
445214321337651456,0.1564704805174303,0.04513339,3.1234624243577027,2.4408519E-5,16.014965,0.0035203074
202939854734748032,0.20378715450930868,0.023120679,8.639592570170702,5.002007E-4,11.10989,0.0024000194
203496585576324224,0.16268648111422354,0.21225137,11.129325483196043,0.0011734634,8.598533,0.007839792
204588190167650048,0.006919329425961085,0.02409388,4.372525708536256,1.336998E-4,13.214246,0.003690495
5318708901756763520,0.07811085597108942,0.03577998,2.9849695051594485,1.5572537E-5,15.060744,0.0010273999
4478405971998198784,0.0892492078981464,0.03391219,1.2087213460656374,1.4164751E-5,15.631879,0.002943791
488753263810889088,0.3024004510383281,0.01395316,12.25022921742464,9.644096E-4,12.161679,0.003551528
188724234539584256,0.19322027161377953,0.015612086,18.19371939856415,0.0010607137,9.757313,0.008128946
189726984845700480,0.17750565209421446,0.021000553,5.2598903044008605,3.6238838E-4,11.528412,0.0031100719
189739251272296192,0.2156496941314128,0.021124272,3.412719982594884,1.1968035E-4,11.96844,0.0053769653
3378049163365268608,0.3356003941102264,0.01974208,3.7880202007629356,5.4337765E-5,9.647913,0.008716375
5957698772945957248,0.11994358955733223,0.020891732,15.529023190931929,0.010324005,13.467367,0.047274042
2028731925444850816,0.07689597658290641,0.07411074,2.279258311799679,2.7728755E-5,17.516209,0.00158228
2028750823290456192,0.025194163941393607,0.0149829285,10.880288717953567,0.0012669781,12.765373,0.0028153437
2028768729057736704,0.08288443821831003,0.062092558,3.1599988297133383,1.07588545E-4,17.024076,0.005431544
2028781025505284096,0.18027233875874615,0.017334186,6.239456870312151,1.8149146E-4,12.817146,0.0017821639
2028787695633981952,0.14933226429276597,0.03060427,4.69443483302118,1.14407965E-4,15.4555,0.0010544128
3027495856819349248,0.15575962481153557,0.017893817,10.982515417004967,6.04471E-4,11.036174,0.002364548
3027837358256113792,0.18131933923421262,0.01558396,4.96044243894171,1.2613827E-4,13.297273,0.0012975277
3027913155837731584,0.2711893449352843,0.021169689,5.64724594351527,4.6612925E-4,13.418658,0.0063534197
3027920611901182080,0.15978785358034156,0.09723266,2.0470525109237414,1.13811104E-4,17.471,0.005385224
3027940437469882880,0.5626849651468645,0.02364197,4.255355692616744,1.8961399E-4,9.3201685,0.010237636
4077106561752384384,0.15753433867691263,0.01887781,18.13813383459668,0.0129674915,12.367674,0.020874897
4077190566946727808,0.18857242853425793,0.025020825,13.47005648881293,0.008059432,12.636429,0.011060731
4067611106249320448,0.3162985107420241,0.29177496,20.62806233332481,0.0044258004,17.965853,0.015199211
4054525650875166464,0.3487403526052247,0.03562737,12.106248047621483,0.0030140944,12.419356,0.005682167
4054575949223340288,0.3437166556787083,0.06845255,49.96774399064049,0.062138464,11.518188,0.0032250031
4054611481504418304,0.2680741583187288,0.12800165,13.689660983928821,0.007513029,15.393364,0.013115662
4054740090000104064,0.2476585077469569,0.031159729,10.928050287522424,0.0021482096,12.563094,0.00708157
4054962874233545088,0.25788122582054296,0.043292265,5.943304617771675,0.0010000232,12.837716,0.0021580516
5943144438769524992,0.18358124850410648,0.050894152,7.494234408910116,1.3316027E-4,14.6846485,0.0013065124
5943175362536394368,0.08525150224939673,0.107008696,9.01801505770897,0.0020019053,16.203367,0.0030276321
5943255828719965824,0.18414335885902916,0.041294485,6.375547244318396,2.5986E-4,14.103192,0.006131993
5943301424097469568,0.18194336916035633,0.027116425,9.036645223892354,6.96799E-4,12.5507345,0.0014138896
5606739884038472704,0.11742057753528598,0.011107194,3.96990773254997,3.0261164E-5,12.707498,4.2267382E-4
4070987676501471488,0.05044001700857127,0.05766856,15.382681837507867,0.007330762,16.342678,0.015149714
5606839187987683840,0.08395979664484596,0.018463636,2.0303860465005332,5.756206E-5,14.571292,0.011665945
4167155567562018944,0.10422280874892342,0.019802235,11.498156513391232,0.0091106575,14.290624,0.02262331
4755823441560872704,0.016909839880660964,0.022755023,3.8703929112764994,2.051678E-5,15.625315,6.470284E-4
6482342638901422080,0.12685745774861046,0.019014025,1.461934091395742,2.3750874E-5,13.44773,0.005718007
2694868747315735168,0.036201275957870406,0.027918326,1.4467596726609528,6.65395E-5,14.5860615,0.039740514
2695708121364126336,0.031040296045064784,0.03388973,1.1379378753058784,2.9021761E-5,15.342393,0.013793666
5959704561355132160,0.08860927437027159,0.057486076,1.9673620042351125,2.8915076E-5,16.660252,0.0060171825
5959820108834400384,0.0679458769273469,0.19563597,3.3002624341354445,3.080652E-4,18.604836,0.0040258304
4040826491981617664,0.07652975629285627,0.02501869,14.457506596770008,0.0039656316,13.871853,0.010895606
4040843392592539136,0.17081519166587592,0.054107543,3.197658599868736,7.536216E-5,15.008499,0.012140969
4040934347214861440,0.05417332833584601,0.039560206,11.666116919069799,0.006820397,15.367263,0.01766507
4321358774850542720,0.1558225311298853,0.05330779,1.4954478973809784,1.3797263E-5,16.60856,0.0039757406
4321501951856829952,0.22723425810394832,0.05432704,4.946251635052852,1.2701863E-4,14.943302,0.0016195029
4321755561092593920,0.2816035055239082,0.022221243,6.048890237594987,3.3307908E-4,12.167458,0.004808995
4316782057716383232,0.11834473530953964,0.022654422,1.4807438509910853,2.1940652E-5,13.712867,0.012082978
5809152454237870208,0.02194392274042668,0.06409224,16.02146252879749,0.0015600021,17.242775,0.0039707352
4051440558795465600,0.052229897912066336,0.024678111,15.113915111797654,0.0011884976,13.4411745,0.015718047
4500728841169873408,0.2528602163938221,0.018962579,1.2094553074914007,7.5406383E-6,12.200928,0.039141547
4178830899283686656,0.17551762950406571,0.015839571,15.098820555907414,0.00370123,13.325404,0.01649338
1750217486861133440,0.13289546108586706,0.017018862,2.0469337440707003,4.906213E-5,12.180019,0.0076754764
2929040569147169024,0.08736618347783509,0.028367706,7.928455475942811,4.0129048E-4,15.175489,4.417252E-4
5332329583120227840,0.03702288604057881,0.03333057,2.7011981681485344,8.545077E-5,15.942686,0.005813386
5332375453374624640,0.291540355982154,0.012110106,11.638899480340397,0.0018077472,9.366626,0.0063997605
5332397512328481920,0.25203400717119545,0.017163133,4.944982117597536,7.475563E-5,11.146012,0.0032238
4126279126871525120,0.10172119433304289,0.022292314,14.618363454977827,0.0011190713,14.112243,0.0018495517
4108890728502518144,0.17713760855817232,0.051230073,1.1818507058342818,1.1309311E-5,15.930451,0.0020348302
4095782655730995968,0.46461270697404267,0.01891779,7.288755420757196,6.8230956E-4,10.384068,0.009422491
5876354948558376064,0.005864178032773212,0.20044701,9.642482258572956,0.0021528737,18.939562,0.0050177844
5876443871597439104,0.025440473477951517,0.10339221,2.838087423698021,5.2550688E-5,17.762453,0.0019535194
5942521668514052608,0.2657083668570672,0.024859367,13.004905035821153,0.0096151605,11.664414,0.006203137
5942637838797219328,0.17301310334131073,0.049720366,25.17836332274463,0.00963337,13.112715,0.0039964183
4103767240452681728,0.17101135857938848,0.023716997,15.05332293956861,0.0010692022,13.101982,0.007915212
5543954956895699840,0.047797026253380476,0.0303307,3.641842229181546,2.4330134E-4,15.801509,0.0063938657
5544001136384668288,0.07947362443695379,0.012455933,6.020833800959458,2.953868E-4,13.500473,0.0014798357
5544213926244557184,0.3274460779018481,0.010809145,5.884906729518966,1.3974581E-4,10.635101,0.0019136845
5544259212380322560,0.036134984979384596,0.016828062,2.855067535922681,1.05767926E-4,14.077197,0.005857145
5544277800990940032,0.14694371977837942,0.034892935,1.7003180117687298,6.228868E-5,15.069319,0.0043916376
5253661725170126720,0.04338190584892694,0.016909,4.632427892719991,7.1711416E-5,14.40447,0.004163937
5253717937706836480,0.07795201925331785,0.01018506,18.062360662085705,0.004008612,11.638387,0.015978921
5253795384552296448,0.4415188061328064,0.013483183,5.543921254935856,2.0649667E-4,8.709635,0.0021990205
4128740143126634368,0.15359566200262237,0.021236774,1.5179121122049053,2.6564185E-5,14.058778,0.001604764
5886217533465566976,0.3068287674886494,0.15932626,3.1467462264020463,4.8667088E-4,17.727482,0.007095205
4252368406036530688,0.3722575039930927,0.020797612,6.4396917107684875,2.5431075E-4,8.698079,9.5414615E-4
4295988952813227776,0.11859926366725414,0.019614125,4.277318773348718,1.4285518E-4,13.947042,0.0037864249
4068645643614363648,0.11922123040691907,0.059787795,9.294003584579155,0.0028897193,16.185322,0.028583555
4068682928334961536,0.23222359926199715,0.11279184,1.3399677636323473,1.7588645E-5,17.06881,0.0033563592
4068688971240661248,0.05813784016531646,0.06901623,1.3913773774366882,3.072388E-5,16.67396,0.007333685
4068692647733304064,0.04947255851288404,0.042522274,13.796340449786873,0.0010331504,15.318629,0.0050295857
4068725358380874112,0.05863196157995015,0.048095666,14.777077800408629,0.0043686694,14.832106,0.0076726903
4203801018864386944,0.1275309868873199,0.022234352,32.660095032672935,0.043329015,11.229654,0.013385774
5862374417676272896,0.21703032645912002,0.03261137,6.479464870202534,4.1183294E-4,13.719896,0.0012149351
5862424445455811072,0.14836268569339506,0.09591116,23.487819394226015,0.017765425,16.885807,0.0128273405
5862529345743227776,0.22326128964483102,0.017321672,6.379236974370734,7.334504E-5,11.807834,7.6507055E-4
5862620158549694976,0.09543133316485451,0.032909688,7.092475124202841,2.2401575E-4,15.776034,0.0016565159
5332812470537154560,0.17007592437432997,0.14667797,3.7543928126431747,9.083062E-5,18.430174,0.004348911
5332814841364268288,0.13130058749969017,0.09662549,2.924939372418148,5.893487E-4,17.830233,0.0087373955
5332836801528862976,0.06618365031305168,0.035238475,4.225465231135455,1.20532386E-4,16.124832,0.0026531436
5332855699431220736,0.026095098540638066,0.021637546,5.5299172572226105,4.075366E-4,14.963585,0.004470067
5332872226466822528,0.0611883154138905,0.045948632,3.523889557907558,3.9626955E-4,16.553572,0.0075633572
5332911980660141440,0.212341202534542,0.13052012,2.2012062843468962,1.2942163E-4,16.811531,0.005724549
5332968639886303104,0.16908264685905433,0.013780079,8.722342124268959,3.40361E-4,12.373856,8.849516E-4
5332969017843328000,0.11626284741252585,0.037283562,4.496396185109546,1.0769736E-4,16.01141,0.001222558
4110461793161580416,0.05591463790659598,0.06552495,1.8588217782885723,5.5325847E-5,16.725773,0.015179906
2012494342018730496,0.2569687806449367,0.011658746,3.8712825574849448,5.2624426E-5,12.198335,0.0019184999
2012643600728382208,0.33939052099296524,0.016544463,7.678258832130241,1.4215469E-4,11.822876,8.2560524E-4
2012787293154800896,0.23616727723174516,0.012282481,4.566052720863474,7.5323434E-5,11.443254,8.624374E-4
2013029941628292352,0.3221246398226651,0.013070237,9.810775680059352,0.0012580344,9.44225,0.002246338
2013131813945245312,0.2786949583372794,0.012741587,5.86971600874405,1.031211E-4,12.2426195,0.0039439364
2013344882984638464,0.2773978032957137,0.017108299,1.404424344919963,1.2299753E-6,14.153146,1.3953459E-4
4052922352453886976,0.028880987442988264,0.02746238,35.57541019847252,0.02015654,14.532849,0.009763219
4484245443888652032,0.3836094281479195,0.017722314,4.156445274754064,0.002382281,11.283951,0.019587468
4484791347109688832,0.13671565960195656,0.017194105,11.064895825825229,0.0011146308,11.710939,0.02639373
2422853521974230400,0.022414652382619422,0.036989704,1.146828197893698,1.4554892E-5,14.999068,0.015760178
2435741447518507392,0.04534666060346106,0.033138286,1.0709573279087528,1.3937234E-5,15.194053,0.008783142
4320461195449352064,0.020737488176834237,0.037682947,2.8189079877944865,2.7149246E-5,15.690529,0.003835295
4320538882800306432,0.11695191802996648,0.071597174,3.4833822062962185,1.8577094E-4,16.800104,0.0053201737
4320635914698293504,0.06929068578826082,0.07575387,3.1162291560028854,2.2291305E-4,16.94532,0.0035166335
5947421126682666112,0.13927249678811288,0.021071596,2.1091049745558768,1.9045897E-4,14.334747,0.008043265
5339149677605627264,0.12060068889069157,0.01103568,6.393852120006548,1.0297849E-4,12.549735,8.532647E-4
4472449191647245184,0.47533255972258415,0.01628889,1.8930833148235622,3.694405E-5,11.870928,0.0055025285
1944255076986187776,0.1477032177975589,0.016070891,14.73111142168182,8.344086E-4,11.7975445,0.0029836455
5859114571927308672,0.015184515299990639,0.01761536,45.16430929067247,0.026636036,13.1398945,0.005511876
5859119760248045312,0.20039415254169585,0.014179866,10.352926263733265,0.0016288318,10.8396435,0.0046179933
2035402872974695936,0.12813588702627116,0.016950905,31.445962034392597,0.032982834,12.812444,0.030427985
514393423999534336,0.15805458033842462,0.018997744,7.186554210397645,5.3654134E-4,14.752786,0.0012599955
514674937641488256,0.3878206766899956,0.024195526,4.037916230210821,4.8564358E-5,10.2932,0.0010344924
5966033792644077696,0.034523663931294524,0.6306881,10.971514586301963,0.005776546,19.845871,0.006870029
5966081350839942784,0.08051883214784171,0.041492335,17.225388731322262,0.0017136825,14.277388,0.0030243013
5966244490846826112,0.2926858371874121,0.13720001,14.958113065315306,0.0031876033,15.265559,0.024313595
4110315008338448896,0.10711654108983298,0.057771977,13.02529652754642,0.002401749,16.268661,0.01563728
4110443891732151936,0.21688811208419548,0.116090976,1.0837709412677023,2.234339E-5,17.26735,0.003286531
5255147955647154048,0.11397355907665854,0.018455097,4.571291858197153,2.1140363E-4,14.389485,0.0030089607
5255216468969556736,0.11414902803802099,0.015668096,5.022706050206657,4.1639585E-5,14.278425,0.0044405116
5255219492627430272,0.11251082772674177,0.0142155755,3.618988629924527,6.0089576E-5,13.921129,0.0024019415
5255220656517219840,0.434777676621532,0.023605859,5.345891010231648,9.4006624E-5,9.038989,0.0024929827
5255226703858100608,0.0033175710741756223,0.06681794,2.9081917728083027,3.9909664E-4,17.087814,0.013469314
5255239283837540480,0.27471477232135766,0.012230703,5.09223270840587,5.7616304E-5,11.730854,0.0011974449
5255254711361371520,0.34635967337089907,0.017869921,18.171815893432377,0.006341782,8.289173,0.006538606
5255270173244914048,0.08401088447552466,0.022666177,3.5910858468172027,1.1306495E-4,15.345104,0.0024915207
5255309098485373824,0.19973104485730975,0.011975202,5.86526130379293,1.4754645E-4,12.174356,7.9907436E-4
5255408505541363072,0.0371428540645039,0.02815062,4.724670145927659,1.9809084E-4,15.580267,0.0010299002
5255410326607415296,0.11191434971855532,0.020318538,6.528348803871709,1.577509E-4,14.490753,0.002026014
4046208567056665600,0.08447876264565632,0.03899457,6.249316854503322,3.3742527E-4,15.305917,0.0019660362
4652006346770480896,0.1315151741094971,0.055163957,4.910342498854483,5.034474E-4,15.326424,0.008751108
4652007175732819200,0.011532853981209523,0.023389466,5.109658016155826,3.0591656E-4,15.29045,0.0058656256
4652034629160276224,0.008104951575664097,0.023562316,5.637545175451138,7.4881544E-5,15.443176,0.0018476407
4652035591232836480,0.02146118559574186,0.03756843,2.1675768786015763,3.0815754E-5,16.526472,0.0065460205
4652036656384863872,0.041581175154139824,0.03720035,2.5979945945356353,6.838425E-5,16.27793,0.004100607
4652037068701575040,0.015354230778132954,0.0314395,3.5158527854843173,4.3625085E-4,16.050488,0.008912215
4652057066075319168,0.0017239612686069349,0.024404118,4.140604860870137,2.9372307E-4,15.460161,0.0121767735
4652057852017890816,0.017019621968168336,0.018859318,37.496545609744985,0.03985951,12.575308,0.010144478
4652058062507896320,0.014777805325599237,0.02205661,4.825764052422967,3.454176E-4,15.245697,0.007345539
4652067339638666496,0.04776884661893363,0.015653795,26.32973588124997,0.0025410573,13.060355,0.0041407375
4652069779181681408,0.05873965982124214,0.059661865,5.170103460518289,2.9910787E-4,15.071978,0.0048308377
4652076479330848896,0.01953827825713759,0.025882138,5.0223109290839085,2.4330657E-4,15.409231,0.0026123656
4652080258907780608,0.019845956254523855,0.024073994,5.175262387292448,2.1862179E-4,15.260907,0.010626611
4652095308475781632,0.028478069182605818,0.025775468,3.517764559025166,2.234399E-4,15.597678,0.01766065
4652110392402847744,0.02302179211968224,0.022903511,4.303931306455707,1.4830906E-4,15.578719,0.0036418736
4652111732431873664,0.0540232548609073,0.027215717,4.631137197897533,2.274649E-4,15.74937,0.0060704844
4652114309414524160,0.13966635031968744,0.06483651,2.0493924406331283,1.5314014E-4,16.252012,0.015761089
4652133310353125120,0.0030227963078591725,0.024836237,4.289690828371584,1.0204312E-4,15.547891,0.009186529
4652133821544778368,0.03046694317017938,0.052489176,4.443113147893034,0.0010330323,15.809003,0.018813033
4652141281779027968,0.05520309001818169,0.033670753,2.9195063334274796,2.621201E-5,16.16181,0.0025309161
4652145125754785920,0.1138005916968039,0.041961897,3.8288331425299997,2.2435011E-4,15.483015,0.008779405
4658556725967928064,0.012518071740665522,0.028139979,3.1235799374079503,3.597681E-5,15.93938,0.0023227115
4658608918414318336,0.016231049136135746,0.019962298,9.526466075752001,5.5248424E-4,14.807701,8.1343245E-4
4658656609733883648,0.04056822313585461,0.0151254805,47.995707449415654,0.02132748,12.055732,0.0074852495
4658658499520256640,0.0639887518509251,0.027488379,4.078320386247095,1.7994229E-4,15.418237,0.018648397
4658669112357312256,0.0026957607422267715,0.026819566,3.582008849115349,1.1117244E-4,15.417439,0.016171189
4658688976609931392,0.008279959990756171,0.015549384,13.740041235497971,5.551067E-4,13.8161,0.05095256
4658692000266892544,0.02263204355810499,0.028847508,3.1067168005051107,1.1274897E-5,15.947507,0.0011759946
4658692653094978816,0.0010120047082028227,0.02805551,3.6067297355793224,6.01547E-5,15.857917,0.003921049
4658712817975682304,0.03444678577787081,0.09140744,5.002640876420378,8.2538754E-4,17.720453,0.0027157583
4658732647833534464,0.003743455101633939,0.026375124,4.608581478798337,1.01403115E-4,15.557278,9.573003E-4
4658740069537817984,0.020883946838265777,0.044377442,1.7524579814555084,1.8998302E-5,16.733248,0.0033937483
4658745322257533824,0.062457353060650575,0.04613227,7.066237149477753,1.8530595E-4,14.819919,0.0041385824
4658747834839344640,0.03143665884374675,0.015952406,28.223662260738323,0.016070317,13.696775,0.012969023
4658755359622530816,0.0023043162630036213,0.037754297,3.947558805838481,1.1184002E-4,16.20663,0.0018461983
4658763880838210176,0.14895163869213765,0.13042015,2.104556946418654,9.365469E-5,18.389658,0.013720693
4658796277746829696,0.00823972817248395,0.03394618,2.3330096788629393,2.1090505E-5,16.129631,0.0063159647
4658811533470821632,0.010973978063913148,0.03997347,1.7491194451492666,7.910093E-5,16.600609,0.008407848
4658824457061369600,0.062224316278114186,0.02244485,6.324514966785308,8.282205E-5,15.400426,7.160083E-4
4658830160777596928,0.003529721677645279,0.028339809,3.5450973702518738,5.574812E-5,15.893187,0.0012530519
4658838613272736512,0.04367789088688585,0.037030764,4.971030754469626,2.5941606E-4,16.227821,0.013995464
4123465682855876736,0.004298901635337471,0.03482325,18.112794906507567,0.003876084,12.864776,0.013833704
4123491109051178496,0.06497413742783709,0.056413453,18.807613371095606,0.021635402,16.186178,0.008752116
2936110669428633216,0.14866799550219378,0.01753543,4.463313671985779,2.7517995E-4,12.404866,0.010732543
2936165984303583360,0.1005427370538369,0.01461134,3.5226311701697965,1.16444215E-4,13.434304,0.0047287387
2936274153063501824,0.34735493336583445,0.014132148,6.388715617046421,4.257967E-4,9.249489,8.2814594E-4
4046807830852751872,0.11969311392459119,0.020831648,1.9558110629027412,6.367108E-5,14.172479,0.014629078
4648749421531724288,0.06077291959612527,0.06940783,5.041398708707801,7.869449E-4,17.646402,0.0025658112
4649320171152521472,0.03431167834841137,0.047369827,7.718553426831791,0.0012173794,16.840042,0.009605935
4649321889134511360,0.006417931874868229,0.08037501,1.2175188225552656,6.8680806E-6,17.768877,0.06414951
4649421154414948224,0.010185911463145667,0.037049435,21.85221607456601,0.008119452,16.308687,0.009380994
5594100246268225280,0.08481344239454629,0.011964071,5.281369253327259,6.0091745E-5,13.3847065,0.0010491706
5593545405208794240,0.04077818023321291,0.046813276,2.130583322763836,4.249768E-5,16.703114,0.004798291
5594091823824942464,0.24159363342328755,0.012945946,4.403072965358121,5.698306E-5,11.633991,7.69015E-4
4091756042380353024,0.060646059802757384,0.024357121,14.693156247855704,0.007456908,13.954237,0.021224577
4048313921269210112,0.23727223634800382,0.017260918,6.900377924896471,6.588535E-4,11.810501,0.0012540792
423454573911964544,0.10399466770261379,0.019873593,2.4995199679090634,2.0423638E-5,13.989886,0.0013429476
4379075782292287104,0.1567466141383839,0.021488851,15.556857656320746,0.0055513913,11.883621,0.0068771867
4380463606486873216,0.0385610607072049,0.04350552,1.3068107464336245,1.626555E-5,15.962544,0.015357309
6328620193099415424,0.03616811324360945,0.02245568,8.447779802128172,0.0020326967,14.362871,0.003466017
4040966782775200896,0.09462092948258742,0.092241466,1.8245234187480708,1.4306618E-4,16.819855,0.009386107
4040979495924913024,0.037947082791408286,0.059093256,11.048132482162432,0.006880774,15.519257,0.008200848
206577210999441536,0.23157451407003837,0.020790458,13.84505229121153,0.006399727,11.096729,0.019375144
207722317998325632,0.2151235449730603,0.015190964,2.4769620560330954,1.5266845E-4,12.738015,0.0035350746
5337597240264469376,0.0750701863630949,0.025257627,3.5225335762906593,1.20515055E-4,15.393275,0.0022862907
5337634589276921856,0.37823669897906,0.01205239,5.725844688410335,1.2032571E-4,8.830756,9.86349E-4
5337764640889249536,0.3226731987359124,0.0141446395,10.71525547633743,0.002099279,9.274263,0.0053298525
6027070573648725632,0.13472689714496652,0.01859429,1.4558905554678092,1.5302683E-5,13.8733835,0.0029627706
6027111732278041984,0.08366226912417458,0.025323695,10.777973513633459,0.0027889826,14.3328085,0.0023112241
5240438203718296192,0.04620206688134108,0.015005481,7.121332261156139,2.2869617E-4,13.692125,0.0018905692
5240441472232302848,0.3778753552570313,0.013624672,12.437002735527205,0.0022929378,8.875042,0.0066553806
5240559223045923456,0.04829102754638592,0.054487616,3.340480692327891,1.6317847E-4,16.870983,0.0072256173
5240641441571920384,0.06264974380877883,0.03126419,3.8225030221785157,5.3596425E-5,15.831592,0.001161275
4118215171249473664,0.09869076719748461,0.019409843,35.18479510106778,0.04049982,13.311266,0.013277958
4118216683078857984,0.13959643697429985,0.058122683,2.972878307917675,1.04593244E-4,16.51542,0.0054333108
4118234447067229312,0.10912889320331515,0.02684455,9.715396981344723,0.0020337924,14.50258,0.00190993
1993916856117284864,0.2636839502405889,0.01981424,29.102712577630196,0.044920925,11.353689,0.059527095
1994462866719961216,0.46901319542194037,0.013349052,6.3369137417919585,1.6290008E-4,9.042899,6.78925E-4
448521446155893376,0.1839629529239892,0.030783478,3.1582010332221717,3.7017602E-5,15.182532,0.0018016377
447848132723812608,0.41999267924323525,0.021681156,5.668235869175296,3.9149617E-4,11.263366,0.0034201466
447874379264574848,0.4433170305605493,0.02742755,3.220435556262456,4.9376416E-5,11.914846,0.001165405
447928225273443968,0.10063843206569727,0.024356259,3.05566208041052,7.176437E-5,14.514463,0.016408673
447987564541431168,0.31752914160698775,0.022179097,4.252671327661486,2.1540473E-4,12.804575,0.0054892995
447992443624241280,0.17531359678036657,0.020322695,4.989199443295339,4.8453294E-4,13.808409,0.0059995423
448977846560597248,0.10821997454508225,0.021564068,8.57559958376674,4.009985E-4,14.097904,0.0031098141
449006536942032256,0.1788092882939988,0.023914985,2.944079940974454,9.132733E-5,14.887189,0.002147995
5892108648074443904,0.19457636278347382,0.03971101,1.8649529528744606,1.3883168E-5,15.935244,0.004760231
449863090859326080,0.2704503912257623,0.022579215,9.43629140352372,6.4767536E-4,11.186022,0.0011614088
450160096438199424,0.29334314132328493,0.016373845,4.968147264326747,1.2846616E-4,13.247119,0.0010026596
6057514092119497472,0.29286504766505134,0.013239264,6.396717191824198,1.8302212E-4,10.480254,0.0018459406
6057533471013141760,0.10002678496022198,0.052517023,5.331666492141359,3.645203E-4,16.038744,0.0022120946
2037378523542899840,0.1369487422806316,0.017004471,9.755981211950758,0.0011214686,14.048802,0.0013011638
505178760644698880,0.14883054852803365,0.01212593,3.2969021829008365,1.2579624E-4,12.360325,0.004865451
505368121464666112,0.0900009034856815,0.016816247,3.3294046007500837,2.2839728E-5,13.756301,0.001254925
3541660994702826624,0.015840483489406015,0.023493597,1.6548280736495549,1.9964751E-5,14.249971,0.0056774737
2197957661299107584,0.02826899590571215,0.034686457,3.07859832056616,1.4796E-4,16.122147,0.0051554246
2198162651499971200,0.25343335861149763,0.020417295,17.867373171255892,0.0018623713,9.839292,0.0034362567
2198341184695523712,0.1679232538695183,0.014476836,4.5581341235518495,4.0776755E-5,13.035347,6.3419633E-4
2198449039916760448,0.06409097859645951,0.02284951,5.769531015072376,8.967068E-5,15.340026,8.380233E-4
2198576445824899968,0.2059504453351063,0.011723203,2.9862034287385226,5.2509928E-5,13.374742,0.002116675
2030367281528186240,0.09573743612619097,0.018982535,5.080265259503565,6.924801E-5,13.77708,0.0016843487
2030403324896259712,0.11308552963878783,0.013775825,8.988149915093665,2.6451115E-4,13.560349,0.0018339722
2030413735897352832,0.1319097523121762,0.018219085,4.803099715510002,1.4604177E-4,14.499392,0.0025157381
2030427789038000256,0.2566363273628326,0.016917653,11.662020910040736,6.0768775E-4,10.427999,0.023711298
6055722403534963840,0.5433510855828068,0.013036657,4.424317747965537,6.220728E-5,9.466307,0.0013170025
4053114324654572672,0.10651628517588108,0.033745293,2.098652173839071,1.0985551E-4,15.259066,0.035133652
5836012389546677504,0.13676953545308324,0.02019421,11.097330552954967,0.0022393386,13.558678,0.009723173
4657223980483125376,0.008479379970485812,0.033712827,4.789148093157836,1.5398812E-4,15.89987,0.0020767837
4657225286152905600,0.09454730894077044,0.048281714,3.9087838952384684,3.2769004E-4,16.88536,0.014146313
4657226729261955328,0.06516987435498668,0.049187705,3.722852885666145,2.1495283E-4,16.846209,0.017845925
4657227309136578560,0.08915284735846163,0.06488519,2.9247069941738735,1.6105376E-4,17.035269,0.010121169
4657227721330891136,0.0014091906600920605,0.032885734,5.619665442049568,2.4346271E-4,16.127417,0.0019193051
4657228893925140864,0.029264472965200385,0.025547918,3.7372841885987578,6.836856E-5,15.669575,0.0073497463
4657228992802370304,0.06075670234933679,0.03257942,3.155227639041627,5.5260352E-5,15.968623,0.0031697147
4657229203122115968,0.05433447302887867,0.06056899,4.975730782433922,1.5839345E-4,15.396508,0.020237014
4657229233319361024,0.010773067861318306,0.028144442,3.644182403978652,1.358891E-4,15.724273,0.0069335685
4657229306241747456,0.030396949573063235,0.02359671,5.345593880602701,1.16792624E-4,15.428001,0.002628278
4657229576771824640,0.023765974861252676,0.027032634,4.120754907782823,1.3464311E-4,15.74182,0.0037114914
4657229714206196096,0.005863594322790211,0.08280115,5.579294168641681,2.0754297E-4,15.406011,0.0015259924
4657231402185299328,0.018013578029096557,0.02450989,3.9292440086397953,4.1174786E-5,15.63516,0.002358949
4657234490353492736,0.035176988590671206,0.037291527,4.713211833905758,6.7440054E-4,15.293863,0.0025960703
4657234868168216448,0.007569947658407808,0.024676627,4.179891444290507,1.5929138E-4,15.622349,0.0022776069
4657235349281064960,0.014174588609881689,0.037236143,2.8745808988832318,7.976184E-5,16.450884,0.005231697
4657235422277963136,0.046946425831400254,0.041715242,3.6478962320802486,1.06009735E-4,16.060617,0.0014039226
4657235624082613376,0.009337725574238464,0.024853427,4.0050858182906675,1.6302617E-4,15.736668,0.008013603
4657237174625455360,0.7920995213785513,0.27007768,3.431047675502637,1.3349357E-5,15.930528,2.5662113E-4
4657238480295345152,0.018835327796352386,0.02713536,4.516921941996195,6.378126E-5,15.67796,8.4131793E-4
4657239644218966528,0.030833907502740166,0.030632483,3.554885957274994,1.1906472E-4,15.910189,0.0048893546
4657240507520704512,0.07047513456610072,0.021507064,5.064220789902444,3.3726374E-4,14.6282425,0.002117624
4657241190347945088,0.026539971608351903,0.022685144,4.427256819242933,1.8121261E-4,15.434186,0.0043165777
4657241572673658368,0.012273430866642215,0.027188914,4.416606781474278,2.1142655E-4,15.723908,0.0035822939
4657242156786525184,0.02176808535867792,0.033972107,3.6464459383591197,1.5600593E-4,15.88246,0.0043166024
4657242637825404288,0.07746726882858233,0.048547234,3.8825114886460725,9.655959E-5,15.897872,0.005200613
4657243599898839040,0.04012971863235496,0.03538813,4.302580313319521,2.978241E-4,16.385454,0.0041256505
4657244699410260480,0.06042311081997383,0.038062714,4.225406909668649,2.0896329E-4,16.537611,0.0058486653
4657244768129702016,0.01392649154223182,0.02655759,4.519020666673487,7.290261E-5,15.788176,7.220255E-4
4657245695843649408,0.16509958308341188,0.14560544,9.311996514495053,0.002626905,17.29729,0.010463587
4657250501927634432,0.001883229773966523,0.0795376,1.3215171149218417,3.0027337E-5,17.428932,0.018864436
4657252945750599936,0.005479532987138415,0.11303787,1.5548089007130828,1.6134072E-4,18.378664,0.009629866
4657254457578597248,0.023532384821214888,0.022780517,4.185027295939705,1.542797E-4,15.42393,0.00535855
4657254698096655488,0.0032600137689323765,0.020858806,5.949485197917992,3.4300805E-4,15.112989,0.006248062
4657255454010885376,0.03214886047157993,0.033463918,2.830828753375179,2.0521991E-5,16.396673,8.801779E-4
4657255797608009856,0.003911432469277172,0.030612923,3.591782944529624,1.3566598E-4,16.077139,0.006111472
4657261638766265472,0.02053087581474521,0.036282234,3.1070341144897657,1.5198639E-4,16.262863,0.009071881
4657262944436063744,0.025589191319191677,0.060562637,4.358705519046905,1.1141163E-4,17.179766,0.0130231185
4657265658855202304,0.05897334167702238,0.036191422,3.0710035283605466,4.9385966E-5,16.366756,0.0029951902
4657267892240818176,0.017634082587035596,0.018123455,9.604526659412244,0.0022155289,14.566307,0.0077995574
4657274661108655104,0.013525324751339867,0.019261582,6.935160482789477,3.4863353E-4,14.929509,0.0047782236
4657280845863943296,0.04996031963845564,0.02446065,4.920086226398151,4.9735903E-5,15.493218,0.0015458253
4657282009796749056,0.05555704048476589,0.03763385,4.261749192544737,8.8508605E-5,15.778948,0.0013645046
4657282907448237440,0.017117106626396417,0.021186927,6.136343869396545,1.5440838E-4,15.30312,0.0019432881
4657313762426796160,0.06617946384474459,0.037846055,2.7663755299274477,6.0324615E-5,16.063559,0.004136122
4657319053826700800,0.01470563554175594,0.033694513,26.24484482048552,0.032104675,15.910894,0.027488993
4657340837901929472,0.06651487338303166,0.032604635,3.492355678360067,1.3650776E-4,15.522437,0.0067392746
4657352898169854464,0.043643683814652605,0.030155102,2.6989002248503726,1.1526535E-4,15.86438,0.0064331153
4657395847848230656,8.319669172640967E-5,0.028475627,3.0076603939588495,5.7254114E-5,15.801312,0.0054785493
4657403544430423040,0.03831559496610477,0.03337614,2.2851591908411093,1.2850478E-4,16.076843,0.0217598
4094784475310672128,0.5742031493221923,0.027733965,21.847478201912878,0.013882951,7.533782,0.009971483
4094790655733024512,0.20695504959881642,0.26937163,10.84458207660447,0.006560407,18.157982,0.0073777726
5877104712393104000,0.5139782235823493,0.030640157,10.520474136434816,8.753484E-4,11.082873,0.0012999359
5877105945020553216,0.025916603531777174,0.087383896,7.071054241750969,5.817805E-4,16.341454,0.0038710595
5877120341746137216,0.35289014386268763,0.028420018,9.149760643981443,7.326148E-4,11.686576,0.0037490064
5877183391868904576,0.10269584872632714,0.2406677,9.605988698620926,0.002511038,18.566753,0.0097974725
3031875585286182144,0.3598041719359625,0.018554816,6.995508283424176,2.2094724E-4,9.24091,0.001627789
247358200355952256,0.1474151246634233,0.019203654,3.593390351323364,1.0619085E-4,14.211797,0.002743607
248494232082353152,0.34416049117380876,0.016833082,4.118190221901202,2.6588506E-4,10.446909,0.007858741
5350360646081415168,0.18187962588194012,0.049679726,4.542581106402893,6.672155E-4,15.702627,0.004171698
5350368102144390912,0.113510465912076,0.014874481,18.87773286301779,0.005475834,13.704453,0.047093168
5350381433723501952,0.27186121938873603,0.07373142,5.497785171322479,3.0762277E-4,16.457458,0.0034384904
5350409780509559040,0.24727656200247292,0.02340321,45.49891812927481,0.016083628,12.184952,0.0028038814
5350416137060308608,0.08842016368683253,0.09178781,4.483377842035716,1.5804608E-4,17.473465,0.0016145073
5350418675353194624,0.12512957450659654,0.09339806,1.4915517122785198,3.1560543E-5,17.86204,0.0019231931
5350425963937906432,0.18317512503058136,0.0119518805,6.403288812242003,2.8113977E-4,13.162041,0.001872663
5350437337010644608,0.0016015130956686086,0.058472104,3.838302333970324,2.2754382E-4,16.961367,0.0034806698
5350441185301295104,0.12654058566581214,0.02707073,3.8864054520798326,8.132271E-5,15.507393,0.0017155082
5350459803962875520,0.11171595428204978,0.016296322,12.764312877780405,0.0053062434,13.049231,0.013999053
5350519869105648640,0.06602617589084145,0.03391374,5.820402883412643,1.4425855E-4,16.070503,0.0012342157
5350555981191990400,0.23036843274824917,0.017453426,16.323695750554503,0.0018108535,11.778508,0.002880791
5350566873221491072,0.1600236994398709,0.0504351,9.120539079580125,0.002920629,15.918719,0.007946491
5350688609777998720,0.37492594430210197,0.017683389,5.517288355424114,3.2919506E-4,12.342813,0.0051688757
5350807558878393088,0.04027758788395669,0.09041391,3.2489304813178776,1.19540055E-4,17.715399,0.004012194
5350844156323309952,0.13437690316106995,0.018439041,3.384952751075447,1.6751284E-4,14.427614,0.0038401529
5350852677538959104,0.22701247177613373,0.015993455,13.453151928860816,0.0025574847,10.924204,0.0040162173
6736843159433588096,0.1618143809216413,0.015744003,8.301077390512992,0.00107106,12.814715,0.003373131
5860785795219397376,0.025783515081846654,0.015943814,7.141492315575328,8.0332026E-4,13.7754,0.0067026247
5613972681993587200,0.36847880255486304,0.015002949,8.936362044581678,1.9813963E-4,8.733841,0.0014466415
5614191175568405376,0.24075246202748402,0.013344898,4.170891182751824,7.276311E-5,12.391736,7.1757013E-4
5614312705966204288,0.2330824472009733,0.01654418,13.597380246729513,5.847226E-4,9.540547,0.0026708727
5953240528170627328,0.17921700585504746,0.018438261,11.79750547902454,5.1136874E-4,13.149294,0.0023916
5953263931502699264,0.18324727987145417,0.05794763,1.0832949110185526,1.263252E-5,16.291584,0.009284346
5338556834679254656,0.11965616851447367,0.010574052,13.155122611909443,8.660999E-4,12.092265,5.597544E-4
5338626447509058560,0.05265723822346818,0.0726144,1.5780932524606859,4.0304385E-5,17.550846,0.006035664
5338639783430605056,0.048937957752843306,0.027751911,2.7047048592326774,1.3957139E-4,15.458185,0.011013816
1998384927774603520,0.23776212431636184,0.012425041,4.734929939581752,9.6825E-5,11.701949,0.0012821464
5853360930648146688,0.0962645140529437,0.03514545,10.795280600189143,0.0017634302,15.960926,0.0035741152
4314785619467898624,0.08187033452792664,0.017088654,3.3188732876842595,4.039209E-5,13.574761,0.0012555461
4314908077597458688,0.12717814944865832,0.03925411,1.7907337084002746,2.2736473E-5,15.731669,0.0010969375
4314923363333177984,0.09956854629769422,0.013003269,6.697169741313065,2.822424E-4,12.527702,0.0012664243
5853047810335681280,0.03973911111651012,0.042937953,2.3332109106222867,1.4931032E-5,16.36002,0.0017781735
5853118144728117888,0.02915389794937978,0.04236067,3.2733262595896284,1.6997317E-5,16.312487,7.099854E-4
5853152985500341760,0.11405290540077752,0.015386571,28.596792883663387,0.021867612,12.4689455,0.0074936785
5853170268450896768,0.06561780559686146,0.019748421,5.214553393054905,4.660241E-5,14.416735,0.0011791511
4066349313571680000,0.14515771253342227,0.04341396,2.0985218172325895,1.4733248E-4,15.639097,0.019600207
4066351139023993472,0.11981884504592057,0.033788964,11.855544086756318,7.0867065E-4,15.0840025,0.0043581543
4066375912402666624,0.011940513112721205,0.0434063,12.276366157297414,0.0015209472,15.434937,0.009623373
4148154872828901504,0.11298607178857736,0.05755037,2.245848225959847,3.405814E-5,16.63032,0.004072612
5476671064386298368,0.022389137464075375,0.029278202,25.056517196248603,0.02310444,15.80896,0.029403336
5476889072624696448,0.030111196377121258,0.04015695,1.8219920449023792,3.3407123E-5,16.660553,0.004774572
5973635442376616448,0.47928899284871285,0.028500443,16.265610206197454,0.0013438534,9.528963,0.012593351
2061458790263462400,0.10043653232088585,0.033021156,30.9988537987776,0.012715402,15.564889,0.005925009
2061479371746856192,0.09525843350349314,0.097951554,3.566118523271423,9.4522846E-5,18.026218,0.0025488408
2061660653748560896,0.09144873188613321,0.0426529,8.87688496320959,0.001089688,16.728018,0.0018016404
4052476711021003136,0.08135011050887604,0.03104468,21.368253859992905,0.008076587,13.545759,0.014905467
4052502549553969664,0.09452434242697545,0.033706896,12.155168412881572,0.004884124,14.2086115,0.008857074
1978741912045050624,0.16331551607665298,0.016846323,5.863897992529207,1.7870661E-4,11.276946,0.004243409
4312305460506548352,0.2844594707467519,0.30319664,2.5542096553443856,2.4086115E-4,18.53993,0.009498254
4312493309529874944,0.08691637160030301,0.027044475,32.97644137842844,0.079907045,14.847557,0.025184672
3585871223384619648,0.1555390131537249,0.02426797,0.6404087854880521,2.102497E-6,14.340876,6.591249E-4
4685621475248647424,0.09121064488486766,0.06461559,1.3821545022859414,4.1802006E-5,17.456127,0.0059817624
4685627904833942400,0.00832043747939513,0.025930945,5.5136516075174535,2.1088574E-4,15.794544,8.1349653E-4
4685631753107540864,1.181705065460688,0.14081742,1.2293677295218517,4.8440845E-5,17.906435,0.00748476
4685632062362368384,0.17233353120118253,0.08528827,1.4024868017596084,2.9731458E-5,17.914276,0.007542061
4685633333672247168,0.02932375274697,0.044298265,17.180167073033118,0.0064821867,16.557632,0.022091493
4685634085320053120,0.0255074039142051,0.067780875,1.4032144720669364,3.4364544E-5,17.334063,0.028531397
4685635494021967616,0.0529902713151532,0.064034514,1.428550268721192,1.4348503E-5,17.404371,0.001552234
4685637422480973056,0.00293971112757457,0.021836026,8.076302151267848,5.748814E-4,15.109312,7.668256E-4
4685638384553606016,0.013044059358938258,0.051424213,1.858424074126756,2.2568716E-5,16.910913,0.033254478
4685641472616824576,0.10043182661417185,0.06820237,1.4898220542175127,3.3484306E-5,17.35825,0.0039246534
4685642434689800192,0.035615983891271796,0.033593256,3.234452689285213,9.512221E-5,16.151028,0.010845425
4685642851319484672,0.11899098570288698,0.054988515,1.8630786559498755,6.0950402E-5,17.215807,0.008681591
4685643706012133120,0.0280941710259672,0.072314896,1.2652594951058573,1.2642289E-5,17.61066,0.009747467
4685643740367726976,0.011949612453697285,0.07083698,1.3952357853772273,2.9160181E-5,17.627514,0.006542027
4685644912905784064,0.027917957134835063,0.065333456,1.1971527842851704,7.766329E-6,17.411121,0.007886449
4685651509975402240,0.10026067186558799,0.10153248,1.4376149246984242,3.3656986E-5,17.473381,0.0163312
4685654121316332928,0.10819004436679427,0.06200908,1.3960519635785171,2.0510572E-5,16.853657,0.05422681
4685658072670644608,0.17692155488800562,0.10142055,1.327766988638195,4.5533638E-5,17.473051,0.03465309
4685658789928118272,0.04903420628613528,0.086347185,1.128054294064,8.8868865E-6,17.858185,0.017489238
4685660340428715008,0.12358847378663766,0.059256386,2.6289747047983645,7.8916215E-5,16.57444,0.012406432
4685666937499396352,0.04512106616224314,0.08461753,1.641683764339721,1.1696027E-4,17.347355,0.023825208
4685667727773473664,0.0653401435536399,0.071973756,1.2551357260915805,2.2381431E-5,17.501402,0.032148216
4685668788638629760,0.08406511443990311,0.058870774,1.5112476430914628,4.9267706E-5,17.139761,0.00805031
4685670197387359232,0.18756447836725115,0.07552348,1.6575742305172438,2.5199997E-5,17.400461,0.007456089
4685670270377561984,0.04687427421050182,0.07880929,1.2940615224262906,3.2363947E-5,17.66752,0.011145622
4685672400698640128,0.04530420558895671,0.072736636,1.8041654141798162,4.065444E-5,17.45986,0.0052477047
4685672778655723904,0.07299966934812695,0.07857574,1.4357456076405086,2.0038817E-5,17.533585,0.013653018
4685674427923307904,0.076099439743052,0.06426691,1.4829931782989014,4.2414536E-5,17.369366,0.025002316
4685676317708669952,0.0028815715614171414,0.061827984,1.420250631586904,2.6611595E-5,17.249044,0.00636294
4685676798744956032,0.07731353098921702,0.08483734,0.837523423364576,3.950437E-6,17.795687,8.7636197E-4
4685678516731746560,0.6807458827221107,0.24988317,7.112617470706328,8.433851E-5,15.389736,4.7060897E-4
4685678722890149632,0.030862933380586804,0.10508198,3.1627426835898187,1.6325308E-4,16.38001,0.027726354
4685680750116166912,0.002646811476015108,0.057534385,1.5364382613637582,8.910756E-5,17.122295,0.012441761
4685681712188585344,0.3313376949860376,0.05222189,5.49164368613458,0.0013752447,15.636662,0.0054849926
4685683979931531008,0.0704395152028098,0.06714343,1.3139662650444897,1.8896004E-5,17.332172,0.004980856
4685684048650972288,0.040474639386970504,0.06158362,1.7318823565129136,8.721052E-6,17.271282,0.0022698073
4685684838931784192,0.034035716291650295,0.07681641,1.3650944680719626,2.2627228E-5,17.621616,0.004397702
4685685319961195136,0.06173808725082258,0.05165739,1.6200622992230516,2.1442045E-5,16.823076,0.0032793153
4685685865396454144,0.0816374242283293,0.06547048,1.533998186508673,4.3426153E-5,17.311502,0.0068603614
4685686453832575488,0.013575034704995298,0.05288562,1.3078374876719465,1.3886744E-5,16.84634,0.019908365
4685688790295935232,0.014095826854009987,0.054110456,1.634416624021423,1.5827805E-5,17.150244,0.00310529
4685689133880344576,0.014674706255079932,0.050503206,1.9795658843123791,5.771201E-5,16.697712,0.012248265
4685689614916381952,0.13588789969600293,0.056013055,1.4952726706587656,2.6678605E-5,17.087015,0.008949665
4685690057287216000,0.01581162248219411,0.052043393,1.584404604061395,4.5755874E-5,17.144922,0.01905108
4685690645721673728,0.03396740832427838,0.080825,1.6436204573964632,3.8759452E-5,17.364668,0.016496496
4685692707305976704,0.01385309333276123,0.055211235,1.9220968996899388,7.064548E-5,17.12987,0.0110594975
4685693085263313664,0.08856936483375562,0.067533486,1.442568743843216,2.3397015E-5,17.462591,0.0028416254
4685693600659173888,0.042167951236980666,0.07392254,1.3802603964321085,4.3208198E-5,17.642809,0.011765148
4685694287853894016,0.07815536049440172,0.0406614,2.502939516744329,9.793817E-5,16.426386,0.008848845
4685694562732021376,0.06754757266566268,0.03385275,3.9312517900496013,9.245569E-5,16.119516,0.0050645852
4685694768890127360,0.04227908104879219,0.032291997,5.1980914327671535,1.5449553E-4,16.116613,0.0014936422
4685694936370536064,0.0033734707456427124,0.06731953,1.3082757699019583,5.816678E-5,17.323471,0.03600337
4685696108919860096,0.07822664852450997,0.050777685,1.5324053192883331,2.5906287E-5,17.148548,0.036707904
4685696280718535168,0.0015974440639036185,0.029693589,4.760492217409692,4.6217415E-4,15.6803875,0.02094474
4685696864823449216,0.0708331631564352,0.103056386,1.208706131142035,2.7942844E-5,17.715288,0.011167601
4685697139713656192,0.010314315117783641,0.049227905,2.852162008492856,1.536156E-4,16.774435,0.0069951955
4685697998707152000,0.007888202662786736,0.034965232,3.8090917245547584,1.6577025E-4,16.033318,0.011345007
4685699613614157824,0.010592139225993825,0.0346548,3.1629975867519136,1.7430318E-4,15.973772,0.025128389
4685700129010558848,0.1004898017018457,0.034380075,2.9266521604784095,1.0025074E-4,16.040821,0.012820043
4685700472607861760,0.00811324571370034,0.0317476,3.713888557034704,1.0250238E-4,16.158415,0.008324177
4685701778281535232,0.04075405214100083,0.050422963,2.0600256056367936,4.6832803E-5,16.93438,0.010354775
4685702637258800384,0.0552705129193945,0.058883376,3.2133886621141405,1.4405981E-4,16.668425,0.0038572673
4685702705978301056,0.00960759784742424,0.062048532,2.163127941704568,3.6518297E-5,17.355812,0.002721841
4685703221387007360,0.15319120025089217,0.04843043,2.407931372781195,5.9609523E-5,16.555103,0.023345025
4685703908568846080,0.8608527677901088,0.2404417,1.5086334908880559,1.1162174E-4,17.435467,0.026699714
4685704630136014080,0.025540196017480022,0.032500744,3.1013073680346204,5.8413614E-5,15.99703,0.005652988
4685704763253837056,0.04997177016126292,0.07871015,1.3517375238448353,1.8990104E-5,17.642973,0.0046046646
4685704870654181376,0.023607787761575322,0.026434189,5.734267727573187,2.0011322E-4,15.458812,0.0033617553
4685705450448316800,0.0019505548891085335,0.05057056,1.8757254714015428,1.5064546E-5,16.969488,0.0011512883
4685705626558873344,0.10412914834420511,0.069676094,1.2836301939189136,1.4818155E-5,17.462053,0.00541521
4685706004515529344,0.46124314764475516,0.081979975,3.2768121128497736,1.7740556E-4,16.486986,0.0027255113
4685706691722204160,0.025538101003833604,0.047896113,2.0970451076026944,2.8402772E-5,16.77457,0.003984043
4685707000959822464,0.010207020321500466,0.037040602,2.8599948654101555,3.8784678E-5,16.561369,0.0014656071
4685707104039039104,0.00916866235501572,0.029174719,4.630664593443308,8.528616E-5,15.992052,2.1274883E-4
4685707310199742592,0.12312575031428101,0.072963074,1.2730746948003442,2.5628739E-5,17.606901,0.011437215
4685708478428328192,0.0129862573988229,0.07143527,1.3605943362893687,3.626497E-5,17.569477,0.028725265
4685708714626459008,0.019910798352394704,0.06879105,1.3825813790604666,2.384236E-5,17.588495,0.010040283
4685709818458544384,0.046780478575960335,0.024980972,7.2794533092194245,2.9643392E-4,15.416302,0.0014902861
4685710879287420672,0.01376272664520063,0.08792046,3.0036379381972447,1.3034823E-4,16.045765,0.021251542
